scenario,region,LandLeaf,2010,2015,2020,2025,2030,2035,2040,2045,2050,2055,2060,Units
"CORN1BG,date=2025-12-2T15:44:00-08:00",USA,Corn_MissouriR_IRR_hi,14.3312,14.5926,15.0121,15.3407,15.5453,15.7933,15.9126,16.0194,16.0888,16.439,16.7374,thous km2
"CORN1BG,date=2025-12-2T15:44:00-08:00",USA,Corn_MissouriR_IRR_lo,14.3312,14.5926,14.8632,14.9381,14.955,14.9619,15.0118,14.9986,14.9719,15.0381,15.1685,thous km2
"CORN1BG,date=2025-12-2T15:44:00-08:00",USA,Corn_MissouriR_RFD_hi,28.3594,28.8767,30.1398,31.2414,32.0361,32.7666,33.2807,33.6385,33.9678,34.7342,35.3923,thous km2
"CORN1BG,date=2025-12-2T15:44:00-08:00",USA,Corn_MissouriR_RFD_lo,28.3594,28.8767,29.4998,29.7239,29.9442,29.9813,29.9776,30.0979,30.059,30.176,30.431,thous km2
"CORN1BG,date=2025-12-2T15:44:00-08:00",USA,FiberCrop_MissouriR_IRR_hi,1.30E-06,1.20E-06,1.23E-06,1.29E-06,1.34E-06,1.38E-06,1.41E-06,1.43E-06,1.44E-06,1.50E-06,1.55E-06,thous km2
"CORN1BG,date=2025-12-2T15:44:00-08:00",USA,FiberCrop_MissouriR_IRR_lo,1.30E-06,1.20E-06,1.22E-06,1.23E-06,1.24E-06,1.24E-06,1.25E-06,1.25E-06,1.24E-06,1.26E-06,1.27E-06,thous km2
"CORN1BG,date=2025-12-2T15:44:00-08:00",USA,FiberCrop_MissouriR_RFD_hi,2.76E-04,2.56E-04,2.63E-04,2.75E-04,2.86E-04,2.95E-04,3.00E-04,3.04E-04,3.07E-04,3.18E-04,3.30E-04,thous km2
"CORN1BG,date=2025-12-2T15:44:00-08:00",USA,FiberCrop_MissouriR_RFD_lo,2.76E-04,2.56E-04,2.61E-04,2.64E-04,2.68E-04,2.69E-04,2.70E-04,2.70E-04,2.70E-04,2.73E-04,2.76E-04,thous km2
"CORN1BG,date=2025-12-2T15:44:00-08:00",USA,FodderGrass_MissouriR_IRR_hi,1.24396,1.19561,1.29675,1.40247,1.51188,1.61887,1.72235,1.81546,1.90502,2.00281,2.09715,thous km2
"CORN1BG,date=2025-12-2T15:44:00-08:00",USA,FodderGrass_MissouriR_IRR_lo,1.24396,1.19561,1.24738,1.28954,1.32981,1.36395,1.39678,1.42496,1.45102,1.47408,1.49443,thous km2
"CORN1BG,date=2025-12-2T15:44:00-08:00",USA,FodderGrass_MissouriR_RFD_hi,6.67707,6.41757,6.96041,7.52792,8.11515,8.68946,9.24486,9.74464,10.2254,10.7503,11.2567,thous km2
"CORN1BG,date=2025-12-2T15:44:00-08:00",USA,FodderGrass_MissouriR_RFD_lo,6.67707,6.41757,6.69545,6.92175,7.13788,7.32114,7.49737,7.6486,7.7885,7.91229,8.02151,thous km2
"CORN1BG,date=2025-12-2T15:44:00-08:00",USA,FodderHerb_MissouriR_IRR_hi,2.35144,2.26466,2.55028,2.82989,3.12364,3.46794,3.74028,4.01243,4.24562,4.54386,4.83732,thous km2
"CORN1BG,date=2025-12-2T15:44:00-08:00",USA,FodderHerb_MissouriR_IRR_lo,2.35144,2.26466,2.41747,2.52675,2.63204,2.78971,2.8641,2.93548,2.98887,3.05327,3.10946,thous km2
"CORN1BG,date=2025-12-2T15:44:00-08:00",USA,FodderHerb_MissouriR_RFD_hi,10.7115,10.3162,11.7856,13.2688,14.7377,16.5751,17.9744,19.3878,20.6116,22.0712,23.5088,thous km2
"CORN1BG,date=2025-12-2T15:44:00-08:00",USA,FodderHerb_MissouriR_RFD_lo,10.7115,10.3162,11.0298,11.5343,12.2021,12.7129,13.0302,13.3284,13.5435,13.8116,14.0422,thous km2
"CORN1BG,date=2025-12-2T15:44:00-08:00",USA,Forest_MissouriR,16.668,17.7948,19.201,20.505,21.7597,22.9712,23.9699,24.879,25.6745,26.3874,26.9571,thous km2
"CORN1BG,date=2025-12-2T15:44:00-08:00",USA,Grassland_MissouriR,113.943,123.072,122.514,122.014,121.556,121.032,120.616,120.239,119.944,119.503,119.101,thous km2
"CORN1BG,date=2025-12-2T15:44:00-08:00",USA,MiscCrop_MissouriR_IRR_hi,0.470233,0.496158,0.494069,0.484563,0.478145,0.504792,0.523829,0.541592,0.558074,0.570687,0.579198,thous km2
"CORN1BG,date=2025-12-2T15:44:00-08:00",USA,MiscCrop_MissouriR_IRR_lo,0.470233,0.496158,0.494806,0.490948,0.482743,0.49153,0.503288,0.508105,0.512159,0.513985,0.521022,thous km2
"CORN1BG,date=2025-12-2T15:44:00-08:00",USA,MiscCrop_MissouriR_RFD_hi,0.75501,0.796636,0.802337,0.803341,0.804768,0.846171,0.883002,0.913307,0.941266,0.959856,0.982686,thous km2
"CORN1BG,date=2025-12-2T15:44:00-08:00",USA,MiscCrop_MissouriR_RFD_lo,0.75501,0.796636,0.804279,0.792684,0.781282,0.803372,0.813842,0.82124,0.827433,0.839746,0.84194,thous km2
"CORN1BG,date=2025-12-2T15:44:00-08:00",USA,OilCrop_MissouriR_IRR_hi,0.055987,0.051214,0.0612085,0.0646206,0.0680372,0.0703926,0.0720985,0.0734769,0.0744256,0.0761687,0.0775732,thous km2
"CORN1BG,date=2025-12-2T15:44:00-08:00",USA,OilCrop_MissouriR_IRR_lo,0.055987,0.051214,0.0565943,0.0574342,0.0579423,0.0583468,0.0584476,0.0585351,0.0585038,0.0587252,0.0588109,thous km2
"CORN1BG,date=2025-12-2T15:44:00-08:00",USA,OilCrop_MissouriR_RFD_hi,2.80151,2.56268,3.01643,3.15363,3.28049,3.3829,3.44927,3.50465,3.53531,3.62503,3.70239,thous km2
"CORN1BG,date=2025-12-2T15:44:00-08:00",USA,OilCrop_MissouriR_RFD_lo,2.80151,2.56268,2.8305,2.85503,2.88432,2.89723,2.90567,2.90296,2.90476,2.91958,2.92779,thous km2
"CORN1BG,date=2025-12-2T15:44:00-08:00",USA,OtherArableLand_MissouriR,104.072,83.7172,82.3124,81.1331,80.1144,78.9813,78.126,77.3771,76.8146,75.9572,75.1956,thous km2
"CORN1BG,date=2025-12-2T15:44:00-08:00",USA,OtherGrain_MissouriR_IRR_hi,0.427584,0.496986,0.497828,0.503718,0.509563,0.5256,0.536084,0.543221,0.549048,0.563631,0.576502,thous km2
"CORN1BG,date=2025-12-2T15:44:00-08:00",USA,OtherGrain_MissouriR_IRR_lo,0.427584,0.496986,0.502084,0.501759,0.502334,0.505277,0.508916,0.51173,0.512122,0.515296,0.51998,thous km2
"CORN1BG,date=2025-12-2T15:44:00-08:00",USA,OtherGrain_MissouriR_RFD_hi,5.65825,6.57666,6.64336,6.79929,6.95186,7.20082,7.38232,7.53188,7.64356,7.85301,8.0398,thous km2
"CORN1BG,date=2025-12-2T15:44:00-08:00",USA,OtherGrain_MissouriR_RFD_lo,5.65825,6.57666,6.66176,6.67943,6.69431,6.7581,6.8082,6.82246,6.85247,6.89212,6.95336,thous km2
"CORN1BG,date=2025-12-2T15:44:00-08:00",USA,Pasture_MissouriR,4.03367,5.73947,6.05341,6.36533,6.6812,6.97733,7.26882,7.52996,7.7821,8.04038,8.28414,thous km2
"CORN1BG,date=2025-12-2T15:44:00-08:00",USA,ProtectedGrassland_MissouriR,10.2686,11.0914,11.0914,11.0914,11.0914,11.0914,11.0914,11.0914,11.0914,11.0914,11.0914,thous km2
"CORN1BG,date=2025-12-2T15:44:00-08:00",USA,ProtectedShrubland_MissouriR,4.57723,4.59497,4.59497,4.59497,4.59497,4.59497,4.59497,4.59497,4.59497,4.59497,4.59497,thous km2
"CORN1BG,date=2025-12-2T15:44:00-08:00",USA,ProtectedUnmanagedForest_MissouriR,5.34941,5.34208,5.34208,5.34208,5.34208,5.34208,5.34208,5.34208,5.34208,5.34208,5.34208,thous km2
"CORN1BG,date=2025-12-2T15:44:00-08:00",USA,ProtectedUnmanagedPasture_MissouriR,54.2834,54.7604,54.7604,54.7604,54.7604,54.7604,54.7604,54.7604,54.7604,54.7604,54.7604,thous km2
"CORN1BG,date=2025-12-2T15:44:00-08:00",USA,Rapeseed_MissouriR_IRR_hi,0.0094868,0.0119615,0.0127406,0.0130864,0.0134033,0.013756,0.0140519,0.0143723,0.0146184,0.0151211,0.0155973,thous km2
"CORN1BG,date=2025-12-2T15:44:00-08:00",USA,Rapeseed_MissouriR_IRR_lo,0.0094868,0.0119615,0.0123746,0.0124418,0.0124928,0.0125472,0.0126257,0.0127093,0.0127645,0.012898,0.013015,thous km2
"CORN1BG,date=2025-12-2T15:44:00-08:00",USA,Rapeseed_MissouriR_RFD_hi,0.617451,0.778519,0.829539,0.852508,0.873634,0.897122,0.916897,0.938256,0.954761,0.988016,1.01975,thous km2
"CORN1BG,date=2025-12-2T15:44:00-08:00",USA,Rapeseed_MissouriR_RFD_lo,0.617451,0.778519,0.805467,0.809952,0.813375,0.817009,0.822197,0.827707,0.831365,0.840088,0.847765,thous km2
"CORN1BG,date=2025-12-2T15:44:00-08:00",USA,RootTuber_MissouriR_IRR_hi,0.059888,0.0597909,0.0619338,0.0642981,0.0664913,0.0688178,0.070747,0.0723866,0.0738687,0.075267,0.0765869,thous km2
"CORN1BG,date=2025-12-2T15:44:00-08:00",USA,RootTuber_MissouriR_IRR_lo,0.059888,0.0597909,0.0607835,0.0614526,0.0620128,0.0625346,0.0629823,0.063357,0.0636947,0.0638119,0.0638975,thous km2
"CORN1BG,date=2025-12-2T15:44:00-08:00",USA,RootTuber_MissouriR_RFD_hi,0.0126692,0.0126486,0.0131048,0.0136086,0.0140852,0.0145818,0.0149941,0.0153448,0.0156717,0.0159726,0.0162587,thous km2
"CORN1BG,date=2025-12-2T15:44:00-08:00",USA,RootTuber_MissouriR_RFD_lo,0.0126692,0.0126486,0.0128592,0.0130016,0.0131222,0.0132332,0.0133284,0.013408,0.0134807,0.0135058,0.0135245,thous km2
"CORN1BG,date=2025-12-2T15:44:00-08:00",USA,Shrubland_MissouriR,50.7897,50.9865,50.7553,50.5479,50.3582,50.1412,49.9688,49.8129,49.6907,49.5079,49.3414,thous km2
"CORN1BG,date=2025-12-2T15:44:00-08:00",USA,Soybean_MissouriR_IRR_hi,4.16316,4.4247,4.50762,4.60881,4.6639,4.66924,4.64077,4.60256,4.53299,4.63218,4.71179,thous km2
"CORN1BG,date=2025-12-2T15:44:00-08:00",USA,Soybean_MissouriR_IRR_lo,4.16316,4.4247,4.50599,4.57043,4.60996,4.62916,4.64607,4.65032,4.635,4.67148,4.68645,thous km2
"CORN1BG,date=2025-12-2T15:44:00-08:00",USA,Soybean_MissouriR_RFD_hi,28.3834,30.1665,32.0373,34.0778,35.8081,37.6683,39.2335,40.6072,41.5747,42.5765,43.4008,thous km2
"CORN1BG,date=2025-12-2T15:44:00-08:00",USA,Soybean_MissouriR_RFD_lo,28.3834,30.1665,31.0584,31.8001,32.3435,32.8304,33.2205,33.5376,33.7022,33.8865,33.9118,thous km2
"CORN1BG,date=2025-12-2T15:44:00-08:00",USA,SugarCrop_MissouriR_IRR_hi,0.286951,0.288836,0.281977,0.273951,0.264923,0.284969,0.307861,0.331547,0.355134,0.364544,0.372873,thous km2
"CORN1BG,date=2025-12-2T15:44:00-08:00",USA,SugarCrop_MissouriR_IRR_lo,0.286951,0.288836,0.283697,0.276849,0.269623,0.287102,0.297463,0.307659,0.317265,0.319287,0.320821,thous km2
"CORN1BG,date=2025-12-2T15:44:00-08:00",USA,SugarCrop_MissouriR_RFD_hi,0.0870885,0.0876604,0.0856268,0.083248,0.0805636,0.0866989,0.0936942,0.100929,0.108132,0.111052,0.113668,thous km2
"CORN1BG,date=2025-12-2T15:44:00-08:00",USA,SugarCrop_MissouriR_RFD_lo,0.0870885,0.0876604,0.0861135,0.0840517,0.081876,0.0871832,0.0903319,0.0934281,0.0963435,0.0969633,0.097438,thous km2
"CORN1BG,date=2025-12-2T15:44:00-08:00",USA,Tundra_MissouriR,1.00142,1.01577,1.01577,1.01577,1.01577,1.01577,1.01577,1.01577,1.01577,1.01577,1.01577,thous km2
"CORN1BG,date=2025-12-2T15:44:00-08:00",USA,UnmanagedForest_MissouriR,59.3579,59.2766,58.6608,58.1032,57.5834,57.0436,56.6098,56.2185,55.8955,55.5169,55.1902,thous km2
"CORN1BG,date=2025-12-2T15:44:00-08:00",USA,UnmanagedPasture_MissouriR,602.337,607.63,597.39,588.668,581.025,572.586,566.133,560.449,556.107,549.715,544.04,thous km2
"CORN1BG,date=2025-12-2T15:44:00-08:00",USA,UrbanLand_MissouriR,5.1944,5.5577,5.5577,5.5577,5.5577,5.5577,5.5577,5.5577,5.5577,5.5577,5.5577,thous km2
"CORN1BG,date=2025-12-2T15:44:00-08:00",USA,Wheat_MissouriR_IRR_hi,0.720529,0.672604,0.639485,0.615833,0.594021,0.599565,0.599288,0.594583,0.588575,0.602372,0.614961,thous km2
"CORN1BG,date=2025-12-2T15:44:00-08:00",USA,Wheat_MissouriR_IRR_lo,0.720529,0.672604,0.669258,0.662066,0.651471,0.654007,0.652266,0.651808,0.647723,0.654492,0.657374,thous km2
"CORN1BG,date=2025-12-2T15:44:00-08:00",USA,Wheat_MissouriR_RFD_hi,34.8071,32.4919,33.2824,34.2805,35.1494,36.4836,37.387,37.961,38.4368,39.4519,40.4113,thous km2
"CORN1BG,date=2025-12-2T15:44:00-08:00",USA,Wheat_MissouriR_RFD_lo,34.8071,32.4919,32.9971,33.2527,33.2644,33.4957,33.6084,33.8075,33.7949,34.08,34.1414,thous km2
"CORN1BG,date=2025-12-2T15:44:00-08:00",USA,biomassGrass_MissouriR_IRR_hi,0,0,0,0,0,0,0,0,0,0,0,thous km2
"CORN1BG,date=2025-12-2T15:44:00-08:00",USA,biomassGrass_MissouriR_IRR_lo,0,0,0,0,0,0,0,0,0,0,0,thous km2
"CORN1BG,date=2025-12-2T15:44:00-08:00",USA,biomassGrass_MissouriR_RFD_hi,0,0,0,0,0,0,0,0,0,0,0,thous km2
"CORN1BG,date=2025-12-2T15:44:00-08:00",USA,biomassGrass_MissouriR_RFD_lo,0,0,0,0,0,0,0,0,0,0,0,thous km2
"CORN1BG,date=2025-12-2T15:44:00-08:00",USA,biomassTree_MissouriR_IRR_hi,0,0,0,0,0,0,0,0,0,0,0,thous km2
"CORN1BG,date=2025-12-2T15:44:00-08:00",USA,biomassTree_MissouriR_IRR_lo,0,0,0,0,0,0,0,0,0,0,0,thous km2
"CORN1BG,date=2025-12-2T15:44:00-08:00",USA,biomassTree_MissouriR_RFD_hi,0,0,0,0,0,0,0,0,0,0,0,thous km2
"CORN1BG,date=2025-12-2T15:44:00-08:00",USA,biomassTree_MissouriR_RFD_lo,0,0,0,0,0,0,0,0,0,0,0,thous km2
"SOY1BG,date=2025-12-2T15:44:08-08:00",USA,Corn_MissouriR_IRR_hi,14.3312,14.5926,15.0121,15.1765,15.2268,15.4888,15.624,15.7529,15.8436,16.2039,16.5128,thous km2
"SOY1BG,date=2025-12-2T15:44:08-08:00",USA,Corn_MissouriR_IRR_lo,14.3312,14.5926,14.8632,14.8482,14.7834,14.8019,14.8619,14.8617,14.847,14.921,15.0582,thous km2
"SOY1BG,date=2025-12-2T15:44:08-08:00",USA,Corn_MissouriR_RFD_hi,28.3594,28.8767,30.1398,30.9048,31.3731,32.1258,32.6658,33.0656,33.4348,34.2207,34.8991,thous km2
"SOY1BG,date=2025-12-2T15:44:08-08:00",USA,Corn_MissouriR_RFD_lo,28.3594,28.8767,29.4998,29.5467,29.6054,29.6658,29.6834,29.8282,29.8129,29.9455,30.2137,thous km2
"SOY1BG,date=2025-12-2T15:44:08-08:00",USA,FiberCrop_MissouriR_IRR_hi,1.30E-06,1.20E-06,1.23E-06,1.29E-06,1.34E-06,1.38E-06,1.41E-06,1.42E-06,1.44E-06,1.49E-06,1.55E-06,thous km2
"SOY1BG,date=2025-12-2T15:44:08-08:00",USA,FiberCrop_MissouriR_IRR_lo,1.30E-06,1.20E-06,1.22E-06,1.23E-06,1.24E-06,1.24E-06,1.25E-06,1.25E-06,1.24E-06,1.25E-06,1.26E-06,thous km2
"SOY1BG,date=2025-12-2T15:44:08-08:00",USA,FiberCrop_MissouriR_RFD_hi,2.76E-04,2.56E-04,2.63E-04,2.75E-04,2.85E-04,2.95E-04,3.00E-04,3.03E-04,3.06E-04,3.18E-04,3.30E-04,thous km2
"SOY1BG,date=2025-12-2T15:44:08-08:00",USA,FiberCrop_MissouriR_RFD_lo,2.76E-04,2.56E-04,2.61E-04,2.64E-04,2.67E-04,2.68E-04,2.69E-04,2.70E-04,2.70E-04,2.73E-04,2.76E-04,thous km2
"SOY1BG,date=2025-12-2T15:44:08-08:00",USA,FodderGrass_MissouriR_IRR_hi,1.24396,1.19561,1.29675,1.40244,1.5117,1.61858,1.72195,1.81499,1.90451,2.00229,2.09664,thous km2
"SOY1BG,date=2025-12-2T15:44:08-08:00",USA,FodderGrass_MissouriR_IRR_lo,1.24396,1.19561,1.24738,1.2893,1.32932,1.36349,1.39634,1.42452,1.4506,1.47365,1.49397,thous km2
"SOY1BG,date=2025-12-2T15:44:08-08:00",USA,FodderGrass_MissouriR_RFD_hi,6.67707,6.41757,6.96041,7.52771,8.11419,8.68787,9.24275,9.74215,10.2226,10.7475,11.2539,thous km2
"SOY1BG,date=2025-12-2T15:44:08-08:00",USA,FodderGrass_MissouriR_RFD_lo,6.67707,6.41757,6.69545,6.92047,7.13528,7.31864,7.495,7.64625,7.78624,7.90994,8.01904,thous km2
"SOY1BG,date=2025-12-2T15:44:08-08:00",USA,FodderHerb_MissouriR_IRR_hi,2.35144,2.26466,2.55028,2.82921,3.12239,3.46681,3.73933,4.01166,4.24508,4.54328,4.83659,thous km2
"SOY1BG,date=2025-12-2T15:44:08-08:00",USA,FodderHerb_MissouriR_IRR_lo,2.35144,2.26466,2.41747,2.52599,2.63066,2.78849,2.86305,2.93453,2.98802,3.05234,3.1084,thous km2
"SOY1BG,date=2025-12-2T15:44:08-08:00",USA,FodderHerb_MissouriR_RFD_hi,10.7115,10.3162,11.7856,13.2654,14.7309,16.5681,17.9675,19.381,20.6051,22.0639,23.5001,thous km2
"SOY1BG,date=2025-12-2T15:44:08-08:00",USA,FodderHerb_MissouriR_RFD_lo,10.7115,10.3162,11.0298,11.5308,12.1956,12.7071,13.0252,13.3239,13.5395,13.8072,14.0374,thous km2
"SOY1BG,date=2025-12-2T15:44:08-08:00",USA,Forest_MissouriR,16.668,17.7948,19.201,20.5041,21.7579,22.9697,23.9687,24.8776,25.6732,26.3858,26.9551,thous km2
"SOY1BG,date=2025-12-2T15:44:08-08:00",USA,Grassland_MissouriR,113.943,123.072,122.514,122.002,121.535,121.015,120.602,120.227,119.933,119.491,119.088,thous km2
"SOY1BG,date=2025-12-2T15:44:08-08:00",USA,MiscCrop_MissouriR_IRR_hi,0.470233,0.496158,0.494069,0.484589,0.478329,0.505257,0.524552,0.542569,0.559298,0.57212,0.580828,thous km2
"SOY1BG,date=2025-12-2T15:44:08-08:00",USA,MiscCrop_MissouriR_IRR_lo,0.470233,0.496158,0.494806,0.49087,0.482667,0.491585,0.503452,0.508356,0.51249,0.51436,0.521442,thous km2
"SOY1BG,date=2025-12-2T15:44:08-08:00",USA,MiscCrop_MissouriR_RFD_hi,0.75501,0.796636,0.802337,0.803237,0.804624,0.846162,0.883084,0.913476,0.941518,0.96015,0.983026,thous km2
"SOY1BG,date=2025-12-2T15:44:08-08:00",USA,MiscCrop_MissouriR_RFD_lo,0.75501,0.796636,0.804279,0.792516,0.781035,0.803267,0.813847,0.821332,0.827607,0.839956,0.842181,thous km2
"SOY1BG,date=2025-12-2T15:44:08-08:00",USA,OilCrop_MissouriR_IRR_hi,0.055987,0.051214,0.0612085,0.0653462,0.0694047,0.0716665,0.073273,0.0745655,0.0754302,0.0771767,0.0785847,thous km2
"SOY1BG,date=2025-12-2T15:44:08-08:00",USA,OilCrop_MissouriR_IRR_lo,0.055987,0.051214,0.0565943,0.0577442,0.0584808,0.0588194,0.0588607,0.0588985,0.0588236,0.0590275,0.0590977,thous km2
"SOY1BG,date=2025-12-2T15:44:08-08:00",USA,OilCrop_MissouriR_RFD_hi,2.80151,2.56268,3.01643,3.18798,3.34355,3.44002,3.50019,3.55019,3.57566,3.66443,3.7409,thous km2
"SOY1BG,date=2025-12-2T15:44:08-08:00",USA,OilCrop_MissouriR_RFD_lo,2.80151,2.56268,2.8305,2.87048,2.91127,2.92073,2.92612,2.92079,2.92036,2.93424,2.94162,thous km2
"SOY1BG,date=2025-12-2T15:44:08-08:00",USA,OtherArableLand_MissouriR,104.072,83.7172,82.3124,81.1039,80.0646,78.9417,78.0944,77.349,76.7902,75.9316,75.1683,thous km2
"SOY1BG,date=2025-12-2T15:44:08-08:00",USA,OtherGrain_MissouriR_IRR_hi,0.427584,0.496986,0.497828,0.503079,0.50838,0.524532,0.535126,0.542368,0.548298,0.562933,0.575854,thous km2
"SOY1BG,date=2025-12-2T15:44:08-08:00",USA,OtherGrain_MissouriR_IRR_lo,0.427584,0.496986,0.502084,0.501323,0.501538,0.504577,0.508292,0.511162,0.511611,0.514805,0.519501,thous km2
"SOY1BG,date=2025-12-2T15:44:08-08:00",USA,OtherGrain_MissouriR_RFD_hi,5.65825,6.57666,6.64336,6.79034,6.9347,7.18446,7.36669,7.51695,7.62938,7.83897,8.02587,thous km2
"SOY1BG,date=2025-12-2T15:44:08-08:00",USA,OtherGrain_MissouriR_RFD_lo,5.65825,6.57666,6.66176,6.67357,6.68353,6.74844,6.79943,6.81436,6.84498,6.88484,6.94618,thous km2
"SOY1BG,date=2025-12-2T15:44:08-08:00",USA,Pasture_MissouriR,4.03367,5.73947,6.05341,6.36389,6.67821,6.97434,7.26582,7.52689,7.77906,8.03723,8.28091,thous km2
"SOY1BG,date=2025-12-2T15:44:08-08:00",USA,ProtectedGrassland_MissouriR,10.2686,11.0914,11.0914,11.0914,11.0914,11.0914,11.0914,11.0914,11.0914,11.0914,11.0914,thous km2
"SOY1BG,date=2025-12-2T15:44:08-08:00",USA,ProtectedShrubland_MissouriR,4.57723,4.59497,4.59497,4.59497,4.59497,4.59497,4.59497,4.59497,4.59497,4.59497,4.59497,thous km2
"SOY1BG,date=2025-12-2T15:44:08-08:00",USA,ProtectedUnmanagedForest_MissouriR,5.34941,5.34208,5.34208,5.34208,5.34208,5.34208,5.34208,5.34208,5.34208,5.34208,5.34208,thous km2
"SOY1BG,date=2025-12-2T15:44:08-08:00",USA,ProtectedUnmanagedPasture_MissouriR,54.2834,54.7604,54.7604,54.7604,54.7604,54.7604,54.7604,54.7604,54.7604,54.7604,54.7604,thous km2
"SOY1BG,date=2025-12-2T15:44:08-08:00",USA,Rapeseed_MissouriR_IRR_hi,0.0094868,0.0119615,0.0127406,0.0131886,0.0135963,0.0139366,0.0142188,0.0145254,0.0147583,0.0152592,0.015734,thous km2
"SOY1BG,date=2025-12-2T15:44:08-08:00",USA,Rapeseed_MissouriR_IRR_lo,0.0094868,0.0119615,0.0123746,0.0124914,0.0125834,0.0126291,0.0126993,0.0127746,0.0128226,0.0129525,0.0130663,thous km2
"SOY1BG,date=2025-12-2T15:44:08-08:00",USA,Rapeseed_MissouriR_RFD_hi,0.617451,0.778519,0.829539,0.859118,0.886089,0.908697,0.927509,0.947895,0.963473,0.996545,1.02812,thous km2
"SOY1BG,date=2025-12-2T15:44:08-08:00",USA,Rapeseed_MissouriR_RFD_lo,0.617451,0.778519,0.805467,0.813168,0.819238,0.822294,0.826934,0.831891,0.835069,0.843553,0.851019,thous km2
"SOY1BG,date=2025-12-2T15:44:08-08:00",USA,RootTuber_MissouriR_IRR_hi,0.059888,0.0597909,0.0619338,0.0642876,0.0664741,0.0688086,0.0707426,0.0723878,0.0738753,0.0752763,0.0765989,thous km2
"SOY1BG,date=2025-12-2T15:44:08-08:00",USA,RootTuber_MissouriR_IRR_lo,0.059888,0.0597909,0.0607835,0.061437,0.0619861,0.0625151,0.0629676,0.0633459,0.063687,0.0638044,0.06389,thous km2
"SOY1BG,date=2025-12-2T15:44:08-08:00",USA,RootTuber_MissouriR_RFD_hi,0.0126692,0.0126486,0.0131048,0.0136061,0.0140805,0.0145782,0.0149908,0.015342,0.0156695,0.0159704,0.0162565,thous km2
"SOY1BG,date=2025-12-2T15:44:08-08:00",USA,RootTuber_MissouriR_RFD_lo,0.0126692,0.0126486,0.0128592,0.0129983,0.0131163,0.0132287,0.0133248,0.0134051,0.0134784,0.0135036,0.0135222,thous km2
"SOY1BG,date=2025-12-2T15:44:08-08:00",USA,Shrubland_MissouriR,50.7897,50.9865,50.7553,50.5432,50.3497,50.1341,49.963,49.8076,49.686,49.5028,49.3358,thous km2
"SOY1BG,date=2025-12-2T15:44:08-08:00",USA,Soybean_MissouriR_IRR_hi,4.16316,4.4247,4.50762,4.68943,4.81349,4.80233,4.7594,4.70869,4.62758,4.7253,4.80378,thous km2
"SOY1BG,date=2025-12-2T15:44:08-08:00",USA,Soybean_MissouriR_IRR_lo,4.16316,4.4247,4.50599,4.61359,4.68948,4.70074,4.71115,4.70958,4.689,4.72331,4.73644,thous km2
"SOY1BG,date=2025-12-2T15:44:08-08:00",USA,Soybean_MissouriR_RFD_hi,28.3834,30.1665,32.0373,34.6815,36.9776,38.7682,40.2659,41.5746,42.4734,43.46,44.2723,thous km2
"SOY1BG,date=2025-12-2T15:44:08-08:00",USA,Soybean_MissouriR_RFD_lo,28.3834,30.1665,31.0584,32.0904,32.873,33.3007,33.6419,33.9162,34.0433,34.2106,34.2214,thous km2
"SOY1BG,date=2025-12-2T15:44:08-08:00",USA,SugarCrop_MissouriR_IRR_hi,0.286951,0.288836,0.281977,0.274178,0.265348,0.28541,0.308323,0.332026,0.355621,0.365053,0.373393,thous km2
"SOY1BG,date=2025-12-2T15:44:08-08:00",USA,SugarCrop_MissouriR_IRR_lo,0.286951,0.288836,0.283697,0.276932,0.269791,0.287275,0.297638,0.307828,0.317425,0.319443,0.320968,thous km2
"SOY1BG,date=2025-12-2T15:44:08-08:00",USA,SugarCrop_MissouriR_RFD_hi,0.0870885,0.0876604,0.0856268,0.0833126,0.0806805,0.0868119,0.0938044,0.101035,0.108231,0.111149,0.113761,thous km2
"SOY1BG,date=2025-12-2T15:44:08-08:00",USA,SugarCrop_MissouriR_RFD_lo,0.0870885,0.0876604,0.0861135,0.0840758,0.0819232,0.0872301,0.090378,0.0934712,0.0963833,0.0970012,0.0974727,thous km2
"SOY1BG,date=2025-12-2T15:44:08-08:00",USA,Tundra_MissouriR,1.00142,1.01577,1.01577,1.01577,1.01577,1.01577,1.01577,1.01577,1.01577,1.01577,1.01577,thous km2
"SOY1BG,date=2025-12-2T15:44:08-08:00",USA,UnmanagedForest_MissouriR,59.3579,59.2766,58.6608,58.0976,57.5734,57.0353,56.6029,56.2122,55.8899,55.5109,55.1837,thous km2
"SOY1BG,date=2025-12-2T15:44:08-08:00",USA,UnmanagedPasture_MissouriR,602.337,607.63,597.39,588.469,580.684,572.314,565.914,560.255,555.937,549.537,543.849,thous km2
"SOY1BG,date=2025-12-2T15:44:08-08:00",USA,UrbanLand_MissouriR,5.1944,5.5577,5.5577,5.5577,5.5577,5.5577,5.5577,5.5577,5.5577,5.5577,5.5577,thous km2
"SOY1BG,date=2025-12-2T15:44:08-08:00",USA,Wheat_MissouriR_IRR_hi,0.720529,0.672604,0.639485,0.615562,0.593573,0.599239,0.599076,0.594468,0.588544,0.602397,0.615051,thous km2
"SOY1BG,date=2025-12-2T15:44:08-08:00",USA,Wheat_MissouriR_IRR_lo,0.720529,0.672604,0.669258,0.661786,0.65098,0.653605,0.65194,0.651533,0.647496,0.654272,0.657169,thous km2
"SOY1BG,date=2025-12-2T15:44:08-08:00",USA,Wheat_MissouriR_RFD_hi,34.8071,32.4919,33.2824,34.263,35.1149,36.4502,37.3545,37.929,38.4049,39.4188,40.3781,thous km2
"SOY1BG,date=2025-12-2T15:44:08-08:00",USA,Wheat_MissouriR_RFD_lo,34.8071,32.4919,32.9971,33.238,33.2375,33.4719,33.587,33.7872,33.7757,34.0602,34.1216,thous km2
"SOY1BG,date=2025-12-2T15:44:08-08:00",USA,biomassGrass_MissouriR_IRR_hi,0,0,0,0,0,0,0,0,0,0,0,thous km2
"SOY1BG,date=2025-12-2T15:44:08-08:00",USA,biomassGrass_MissouriR_IRR_lo,0,0,0,0,0,0,0,0,0,0,0,thous km2
"SOY1BG,date=2025-12-2T15:44:08-08:00",USA,biomassGrass_MissouriR_RFD_hi,0,0,0,0,0,0,0,0,0,0,0,thous km2
"SOY1BG,date=2025-12-2T15:44:08-08:00",USA,biomassGrass_MissouriR_RFD_lo,0,0,0,0,0,0,0,0,0,0,0,thous km2
"SOY1BG,date=2025-12-2T15:44:08-08:00",USA,biomassTree_MissouriR_IRR_hi,0,0,0,0,0,0,0,0,0,0,0,thous km2
"SOY1BG,date=2025-12-2T15:44:08-08:00",USA,biomassTree_MissouriR_IRR_lo,0,0,0,0,0,0,0,0,0,0,0,thous km2
"SOY1BG,date=2025-12-2T15:44:08-08:00",USA,biomassTree_MissouriR_RFD_hi,0,0,0,0,0,0,0,0,0,0,0,thous km2
"SOY1BG,date=2025-12-2T15:44:08-08:00",USA,biomassTree_MissouriR_RFD_lo,0,0,0,0,0,0,0,0,0,0,0,thous km2
"BASE,date=2024-31-3T14:15:48-07:00",USA,Corn_MissouriR_IRR_hi,14.3312,14.5926,15.011,15.1972,15.2685,15.53,15.6639,15.7909,15.8791,16.238,16.5454,thous km2
"BASE,date=2024-31-3T14:15:48-07:00",USA,Corn_MissouriR_IRR_lo,14.3312,14.5926,14.8627,14.8672,14.8201,14.8367,14.8946,14.8921,14.8748,14.9476,15.0838,thous km2
"BASE,date=2024-31-3T14:15:48-07:00",USA,Corn_MissouriR_RFD_hi,28.3594,28.8767,30.1375,30.9465,31.4579,32.2097,32.7471,33.1426,33.5067,34.2892,34.964,thous km2
"BASE,date=2024-31-3T14:15:48-07:00",USA,Corn_MissouriR_RFD_lo,28.3594,28.8767,29.4989,29.5843,29.6785,29.7348,29.7479,29.8882,29.8679,29.9979,30.2641,thous km2
"BASE,date=2024-31-3T14:15:48-07:00",USA,FiberCrop_MissouriR_IRR_hi,1.30E-06,1.20E-06,1.23E-06,1.29E-06,1.34E-06,1.39E-06,1.41E-06,1.43E-06,1.44E-06,1.50E-06,1.56E-06,thous km2
"BASE,date=2024-31-3T14:15:48-07:00",USA,FiberCrop_MissouriR_IRR_lo,1.30E-06,1.20E-06,1.22E-06,1.23E-06,1.24E-06,1.25E-06,1.25E-06,1.25E-06,1.25E-06,1.26E-06,1.27E-06,thous km2
"BASE,date=2024-31-3T14:15:48-07:00",USA,FiberCrop_MissouriR_RFD_hi,2.76E-04,2.56E-04,2.63E-04,2.75E-04,2.86E-04,2.95E-04,3.01E-04,3.04E-04,3.07E-04,3.19E-04,3.31E-04,thous km2
"BASE,date=2024-31-3T14:15:48-07:00",USA,FiberCrop_MissouriR_RFD_lo,2.76E-04,2.56E-04,2.61E-04,2.65E-04,2.68E-04,2.69E-04,2.70E-04,2.71E-04,2.70E-04,2.73E-04,2.76E-04,thous km2
"BASE,date=2024-31-3T14:15:48-07:00",USA,FodderGrass_MissouriR_IRR_hi,1.24396,1.19561,1.29675,1.40231,1.5115,1.61845,1.72192,1.81503,1.9046,2.0024,2.09676,thous km2
"BASE,date=2024-31-3T14:15:48-07:00",USA,FodderGrass_MissouriR_IRR_lo,1.24396,1.19561,1.24739,1.28997,1.33067,1.36481,1.39765,1.42579,1.45181,1.47488,1.49523,thous km2
"BASE,date=2024-31-3T14:15:48-07:00",USA,FodderGrass_MissouriR_RFD_hi,6.67707,6.41757,6.96042,7.52702,8.11312,8.68721,9.24256,9.74235,10.2231,10.7481,11.2546,thous km2
"BASE,date=2024-31-3T14:15:48-07:00",USA,FodderGrass_MissouriR_RFD_lo,6.67707,6.41757,6.69551,6.92404,7.14252,7.32577,7.502,7.65306,7.79274,7.91657,8.0258,thous km2
"BASE,date=2024-31-3T14:15:48-07:00",USA,FodderHerb_MissouriR_IRR_hi,2.35144,2.26466,2.5503,2.8316,3.12734,3.47187,3.74447,4.01669,4.24989,4.54833,4.84192,thous km2
"BASE,date=2024-31-3T14:15:48-07:00",USA,FodderHerb_MissouriR_IRR_lo,2.35144,2.26466,2.4175,2.52853,2.63563,2.79333,2.86763,2.93882,2.99198,3.05631,3.1124,thous km2
"BASE,date=2024-31-3T14:15:48-07:00",USA,FodderHerb_MissouriR_RFD_hi,10.7115,10.3162,11.7857,13.2764,14.7538,16.5917,17.9914,19.4043,20.6273,22.087,23.5245,thous km2
"BASE,date=2024-31-3T14:15:48-07:00",USA,FodderHerb_MissouriR_RFD_lo,10.7115,10.3162,11.03,11.5424,12.2187,12.7292,13.0461,13.3435,13.5574,13.8253,14.0555,thous km2
"BASE,date=2024-31-3T14:15:48-07:00",USA,Forest_MissouriR,16.668,17.7948,19.2011,20.5088,21.7677,22.9795,23.9783,24.8872,25.6824,26.3953,26.9649,thous km2
"BASE,date=2024-31-3T14:15:48-07:00",USA,Grassland_MissouriR,113.943,123.072,122.515,122.039,121.607,121.082,120.664,120.285,119.987,119.545,119.142,thous km2
"BASE,date=2024-31-3T14:15:48-07:00",USA,MiscCrop_MissouriR_IRR_hi,0.470233,0.496158,0.494068,0.484855,0.47886,0.505859,0.525205,0.543258,0.560022,0.572902,0.58166,thous km2
"BASE,date=2024-31-3T14:15:48-07:00",USA,MiscCrop_MissouriR_IRR_lo,0.470233,0.496158,0.49481,0.491272,0.483419,0.492322,0.504173,0.509046,0.513147,0.515026,0.522121,thous km2
"BASE,date=2024-31-3T14:15:48-07:00",USA,MiscCrop_MissouriR_RFD_hi,0.75501,0.796636,0.802333,0.803615,0.805341,0.846888,0.883805,0.91417,0.942188,0.960839,0.983731,thous km2
"BASE,date=2024-31-3T14:15:48-07:00",USA,MiscCrop_MissouriR_RFD_lo,0.75501,0.796636,0.804284,0.793153,0.782216,0.804413,0.814937,0.822359,0.828569,0.840934,0.843162,thous km2
"BASE,date=2024-31-3T14:15:48-07:00",USA,OilCrop_MissouriR_IRR_hi,0.055987,0.051214,0.0612067,0.0646548,0.0681249,0.0705196,0.0722541,0.0736607,0.0746353,0.0764068,0.0778392,thous km2
"BASE,date=2024-31-3T14:15:48-07:00",USA,OilCrop_MissouriR_IRR_lo,0.055987,0.051214,0.0565941,0.0574691,0.0580132,0.0584218,0.0585217,0.0586073,0.0585736,0.0587942,0.0588789,thous km2
"BASE,date=2024-31-3T14:15:48-07:00",USA,OilCrop_MissouriR_RFD_hi,2.80151,2.56268,3.01634,3.15453,3.28233,3.38499,3.45116,3.50641,3.53696,3.62657,3.70382,thous km2
"BASE,date=2024-31-3T14:15:48-07:00",USA,OilCrop_MissouriR_RFD_lo,2.80151,2.56268,2.8305,2.85662,2.88743,2.90036,2.9086,2.90566,2.90725,2.92196,2.93007,thous km2
"BASE,date=2024-31-3T14:15:48-07:00",USA,OtherArableLand_MissouriR,104.072,83.7172,82.3137,81.1994,80.2404,79.099,78.2361,77.4775,76.9058,76.0436,75.2773,thous km2
"BASE,date=2024-31-3T14:15:48-07:00",USA,OtherGrain_MissouriR_IRR_hi,0.427584,0.496986,0.4978,0.504003,0.510177,0.526267,0.536788,0.543947,0.549807,0.564422,0.577322,thous km2
"BASE,date=2024-31-3T14:15:48-07:00",USA,OtherGrain_MissouriR_IRR_lo,0.427584,0.496986,0.502074,0.502095,0.503002,0.505932,0.509551,0.512332,0.512695,0.515853,0.520522,thous km2
"BASE,date=2024-31-3T14:15:48-07:00",USA,OtherGrain_MissouriR_RFD_hi,5.65825,6.57666,6.64298,6.80267,6.95883,7.20764,7.3888,7.53789,7.64929,7.85846,8.04494,thous km2
"BASE,date=2024-31-3T14:15:48-07:00",USA,OtherGrain_MissouriR_RFD_lo,5.65825,6.57666,6.66162,6.68379,6.70289,6.76634,6.81602,6.82966,6.85916,6.89852,6.95948,thous km2
"BASE,date=2024-31-3T14:15:48-07:00",USA,Pasture_MissouriR,4.03367,5.73947,6.05346,6.36741,6.68525,6.98122,7.27259,7.5335,7.78541,8.04367,8.28742,thous km2
"BASE,date=2024-31-3T14:15:48-07:00",USA,ProtectedGrassland_MissouriR,10.2686,11.0914,11.0914,11.0914,11.0914,11.0914,11.0914,11.0914,11.0914,11.0914,11.0914,thous km2
"BASE,date=2024-31-3T14:15:48-07:00",USA,ProtectedShrubland_MissouriR,4.57723,4.59497,4.59497,4.59497,4.59497,4.59497,4.59497,4.59497,4.59497,4.59497,4.59497,thous km2
"BASE,date=2024-31-3T14:15:48-07:00",USA,ProtectedUnmanagedForest_MissouriR,5.34941,5.34208,5.34208,5.34208,5.34208,5.34208,5.34208,5.34208,5.34208,5.34208,5.34208,thous km2
"BASE,date=2024-31-3T14:15:48-07:00",USA,ProtectedUnmanagedPasture_MissouriR,54.2834,54.7604,54.7604,54.7604,54.7604,54.7604,54.7604,54.7604,54.7604,54.7604,54.7604,thous km2
"BASE,date=2024-31-3T14:15:48-07:00",USA,Rapeseed_MissouriR_IRR_hi,0.0094868,0.0119615,0.0127402,0.0130931,0.0134175,0.0137711,0.0140683,0.0143894,0.0146364,0.0151398,0.015617,thous km2
"BASE,date=2024-31-3T14:15:48-07:00",USA,Rapeseed_MissouriR_IRR_lo,0.0094868,0.0119615,0.0123745,0.0124498,0.0125086,0.0125624,0.0126406,0.0127234,0.0127779,0.0129109,0.0130275,thous km2
"BASE,date=2024-31-3T14:15:48-07:00",USA,Rapeseed_MissouriR_RFD_hi,0.617451,0.778519,0.829512,0.852894,0.874419,0.897869,0.917632,0.938944,0.955413,0.988638,1.02035,thous km2
"BASE,date=2024-31-3T14:15:48-07:00",USA,Rapeseed_MissouriR_RFD_lo,0.617451,0.778519,0.805461,0.810461,0.814371,0.817953,0.823104,0.828547,0.832143,0.840834,0.848483,thous km2
"BASE,date=2024-31-3T14:15:48-07:00",USA,RootTuber_MissouriR_IRR_hi,0.059888,0.0597909,0.0619329,0.0643186,0.0665361,0.0688703,0.0708033,0.0724462,0.0739316,0.0753336,0.076657,thous km2
"BASE,date=2024-31-3T14:15:48-07:00",USA,RootTuber_MissouriR_IRR_lo,0.059888,0.0597909,0.0607835,0.0614865,0.0620808,0.0626038,0.0630506,0.0634232,0.0637585,0.0638752,0.0639602,thous km2
"BASE,date=2024-31-3T14:15:48-07:00",USA,RootTuber_MissouriR_RFD_hi,0.0126692,0.0126486,0.0131046,0.0136125,0.0140933,0.0145907,0.0150029,0.0153535,0.0156803,0.0159813,0.0162674,thous km2
"BASE,date=2024-31-3T14:15:48-07:00",USA,RootTuber_MissouriR_RFD_lo,0.0126692,0.0126486,0.0128592,0.0130087,0.0131363,0.0132474,0.0133423,0.0134213,0.0134934,0.0135184,0.0135369,thous km2
"BASE,date=2024-31-3T14:15:48-07:00",USA,Shrubland_MissouriR,50.7897,50.9865,50.7555,50.5586,50.3794,50.162,49.989,49.8319,49.7083,49.5251,49.3581,thous km2
"BASE,date=2024-31-3T14:15:48-07:00",USA,Soybean_MissouriR_IRR_hi,4.16316,4.4247,4.50746,4.60882,4.66432,4.66998,4.64195,4.60407,4.53499,4.63426,4.7141,thous km2
"BASE,date=2024-31-3T14:15:48-07:00",USA,Soybean_MissouriR_IRR_lo,4.16316,4.4247,4.50595,4.57208,4.61331,4.63243,4.64931,4.65341,4.63805,4.67443,4.68936,thous km2
"BASE,date=2024-31-3T14:15:48-07:00",USA,Soybean_MissouriR_RFD_hi,28.3834,30.1665,32.0361,34.0762,35.8061,37.6656,39.2313,40.6048,41.5743,42.5741,43.3982,thous km2
"BASE,date=2024-31-3T14:15:48-07:00",USA,Soybean_MissouriR_RFD_lo,28.3834,30.1665,31.0581,31.8117,32.3674,32.8537,33.2436,33.5595,33.7233,33.9064,33.9311,thous km2
"BASE,date=2024-31-3T14:15:48-07:00",USA,SugarCrop_MissouriR_IRR_hi,0.286951,0.288836,0.281971,0.274014,0.26508,0.285177,0.308117,0.331841,0.355463,0.364901,0.373256,thous km2
"BASE,date=2024-31-3T14:15:48-07:00",USA,SugarCrop_MissouriR_IRR_lo,0.286951,0.288836,0.283696,0.276984,0.269896,0.287405,0.297783,0.307983,0.317587,0.319609,0.321143,thous km2
"BASE,date=2024-31-3T14:15:48-07:00",USA,SugarCrop_MissouriR_RFD_hi,0.0870885,0.0876604,0.0856248,0.0832617,0.0805953,0.0867342,0.0937322,0.100966,0.108168,0.111087,0.113701,thous km2
"BASE,date=2024-31-3T14:15:48-07:00",USA,SugarCrop_MissouriR_RFD_lo,0.0870885,0.0876604,0.0861131,0.0840912,0.0819544,0.087268,0.09042,0.0935159,0.0964301,0.0970493,0.0975231,thous km2
"BASE,date=2024-31-3T14:15:48-07:00",USA,Tundra_MissouriR,1.00142,1.01577,1.01577,1.01577,1.01577,1.01577,1.01577,1.01577,1.01577,1.01577,1.01577,thous km2
"BASE,date=2024-31-3T14:15:48-07:00",USA,UnmanagedForest_MissouriR,59.3579,59.2766,58.661,58.1157,57.608,57.0676,56.6329,56.2401,55.9155,55.5365,55.2091,thous km2
"BASE,date=2024-31-3T14:15:48-07:00",USA,UnmanagedPasture_MissouriR,602.337,607.63,597.399,589.119,581.886,573.396,566.893,561.145,556.741,550.319,544.612,thous km2
"BASE,date=2024-31-3T14:15:48-07:00",USA,UrbanLand_MissouriR,5.1944,5.5577,5.5577,5.5577,5.5577,5.5577,5.5577,5.5577,5.5577,5.5577,5.5577,thous km2
"BASE,date=2024-31-3T14:15:48-07:00",USA,Wheat_MissouriR_IRR_hi,0.720529,0.672604,0.639426,0.616105,0.594634,0.600269,0.60007,0.595425,0.589494,0.603344,0.615997,thous km2
"BASE,date=2024-31-3T14:15:48-07:00",USA,Wheat_MissouriR_IRR_lo,0.720529,0.672604,0.66923,0.662451,0.652242,0.654782,0.653034,0.652558,0.648468,0.655226,0.658102,thous km2
"BASE,date=2024-31-3T14:15:48-07:00",USA,Wheat_MissouriR_RFD_hi,34.8071,32.4919,33.2793,34.2919,35.174,36.5075,37.4097,37.9819,38.4578,39.4704,40.4285,thous km2
"BASE,date=2024-31-3T14:15:48-07:00",USA,Wheat_MissouriR_RFD_lo,34.8071,32.4919,32.9957,33.2714,33.3016,33.5314,33.6421,33.8386,33.8241,34.1075,34.1675,thous km2
"BASE,date=2024-31-3T14:15:48-07:00",USA,biomassGrass_MissouriR_IRR_hi,0,0,0,0,0,0,0,0,0,0,0,thous km2
"BASE,date=2024-31-3T14:15:48-07:00",USA,biomassGrass_MissouriR_IRR_lo,0,0,0,0,0,0,0,0,0,0,0,thous km2
"BASE,date=2024-31-3T14:15:48-07:00",USA,biomassGrass_MissouriR_RFD_hi,0,0,0,0,0,0,0,0,0,0,0,thous km2
"BASE,date=2024-31-3T14:15:48-07:00",USA,biomassGrass_MissouriR_RFD_lo,0,0,0,0,0,0,0,0,0,0,0,thous km2
"BASE,date=2024-31-3T14:15:48-07:00",USA,biomassTree_MissouriR_IRR_hi,0,0,0,0,0,0,0,0,0,0,0,thous km2
"BASE,date=2024-31-3T14:15:48-07:00",USA,biomassTree_MissouriR_IRR_lo,0,0,0,0,0,0,0,0,0,0,0,thous km2
"BASE,date=2024-31-3T14:15:48-07:00",USA,biomassTree_MissouriR_RFD_hi,0,0,0,0,0,0,0,0,0,0,0,thous km2
"BASE,date=2024-31-3T14:15:48-07:00",USA,biomassTree_MissouriR_RFD_lo,0,0,0,0,0,0,0,0,0,0,0,thous km2
